{"epoch":10,"val_loss":0.23700807036101063,"f1_score":0.9051724137931034,"bpcer":0,"train_loss":0.016235778196655875,"_step":19,"_runtime":1305.2511824,"_wandb":{"runtime":1305},"macer":2.8065313921354713,"_timestamp":1.7296748955842385e+09}