{"train_loss":0.018501135467249116,"_runtime":1988.1176223,"_timestamp":1.7296784090773535e+09,"precision":1,"recall":0.9818181818181818,"val_loss":0.17726762894293457,"macer":3.417009906425327,"f1_score":0.9230769230769229,"_wandb":{"runtime":1988},"accuracy":0.984375,"_step":29,"epoch":10,"bpcer":0.11436814772071552}